INSERT INTO Drug
VALUES ('0001','Powerpuff Girls','ยาฆ่าเชื้อ','2020-12-31','ยาไว้ใช้ฆ่าปีศาจ','2010-12-31',3),
	   ('0002','Mojojojo','ตัวร้าย','2020-12-31',NULL,'2010-12-31',3);

INSERT INTO Equipment
VALUES ('0003','Equipment1',NULL,NULL,NULL),('0004','Equipment2',NULL,NULL,NULL);

INSERT INTO Appointment
VALUES ('001','2019-12-12 9:30','000001','000001',NULL),('002','2019-12-12 13:30','000001','000002',NULL);

INSERT INTO Bill
VALUES ('000001','0000001','2019-12-12 10:30'),
	   ('000001','0000002','2019-12-12 14:30');

INSERT INTO Check_bill
VALUES ('0000001','000001','000001');

INSERT INTO Prescription
VALUES ('000001','000001','1999-10-19'),('000002','000005','2015-08-07'),('000003','000002','2018-12-25'),('000004','000002','2020-01-01');

INSERT INTO Medprocedure
VALUES ('000001','Medprocedure1',NULL,1000),
	   ('000002','Medprocedure2',NULL,2000),
	   ('000003','Medprocedure3',NULL,3000),
	   ('000004','Medprocedure4',NULL,4000),
	   ('000005','Medprocedure5',NULL,5000),
	   ('000006','Medprocedure6',NULL,6000);

INSERT INTO Medprocedure_ID_Item
VALUES ('000001','0005'),
	   ('000001','0006'),
	   ('000003','0005'),
	   ('000004','0006');

INSERT INTO ListOfProcedure
VALUES ('000001','000001','2020-12-12'),
	   ('000002','000005','2012-12-12');

INSERT INTO ListOfProcedure_ID
VALUES ('000001','000002'),
	   ('000002','000004');

INSERT INTO Diagnose
VALUES ('000001','000001','2019-12-12 9:30','เป็นหวัดเล็กน้อย'),('000001','000002','2019-12-12 13:30','กระดูกร้าว');

INSERT INTO Doctor_specialization
VALUES ('000001','อายุรกรรม'),('000002','หู ตา คอ จมูก'),('000003','หมอกระดูก'),('000004','หมอหัวใจ'),('000005','อายุรกรรม'),
	   ('000006','อายุรกรรม'),('000007','อายุรกรรม'),('000008','หมอผิวหนัง'),('000009','หมอสมอง'),('000010','อายุรกรรม');

INSERT INTO Drug_Cannot
VALUES ('0001','0002');

INSERT INTO DrugIngredient
VALUES ('0001','น้ำตาล'),('0001','เครื่องเทศ'),('0001','สารพัดของกุ๊กกิ๊ก'),('0001','X chemical'),('0002','monkey');

INSERT INTO Medicate
VALUES ('000001','000001','000001');

INSERT INTO Patient_History
VALUES ('000001','2019-12-12',70,170,36.5,100,100,100,'เป็นหวัด'),
	   ('000001','2019-11-10',69,170,36.7,100,100,100,'ขาหัก'),
	   ('000002','2019-10-25',70,170,36.5,100,100,100,'เป็นหวัด'),
	   ('000003','2018-07-04',74,185,39.2,100,100,100,'ไข้สูง'),
	   ('000004','2018-03-29',65,173,36.2,100,100,100,'ท้องเสีย'),
	   ('000008','2017-04-13',43,156,37.3,100,100,100,'ปวดหัวหนัก');

INSERT INTO Prescription_Item
VALUES ('000001','0001'),('000001','0002'),('000002','0004'),('000003','0010'),('000004','0007');

INSERT INTO relation_Procedure
VALUES ('000001','000001','000001');

INSERT INTO UsedInMedProcedure
VALUES ('0001','000001'),('0004','000002');

INSERT INTO UsedInPrescription
VALUES ('0002','000001');