INSERT INTO Patient
VALUES  ('000001','0000000000001','Patient1','zaza','1970-01-01','M','0000000001','A') ,
		('000002','0000000000002','Patient2','zaza','1970-01-01','M','0000000002','A') ,
		('000003','0000000000003','Patient3','zaza','1970-01-01','M','0000000003','B') ,
		('000004','0000000000004','Patient4','zaza','1970-01-01','M','0000000004','B') ,
		('000005','0000000000005','Patient5','zaza','1970-01-01','M','0000000005','O') ,
		('000006','0000000000006','Patient6','zaza','1970-01-01','F','0000000006','O') ,
		('000007','0000000000007','Patient7','zaza','1970-01-01','F','0000000007','AB') ,
		('000008','0000000000008','Patient8','zaza','1970-01-01','F','0000000008','AB') ,
		('000009','0000000000009','Patient9','zaza','1970-01-01','F','0000000009','A') ,
		('000010','0000000000010','Patient10','zaza','1970-01-01','F','00000000010','O');

INSERT INTO Doctor
VALUES  ('000001','0000000000011','Doctor1','zaza',NULL,10000,'M','0000000011') ,
		('000002','0000000000012','Doctor2','zaza',NULL,20000,'M','0000000012') ,
		('000003','0000000000013','Doctor3','zaza',NULL,30000,'M','0000000013') ,
		('000004','0000000000014','Doctor4','zaza',NULL,40000,'M','0000000014') ,
		('000005','0000000000015','Doctor5','zaza',NULL,50000,'M','0000000015') ,
		('000006','0000000000016','Doctor6','zaza',NULL,60000,'F','0000000016') ,
		('000007','0000000000017','Doctor7','zaza',NULL,70000,'F','0000000017') ,
		('000008','0000000000018','Doctor8','zaza',NULL,80000,'F','0000000018') ,
		('000009','0000000000019','Doctor9','zaza',NULL,90000,'F','0000000019') ,
		('000010','0000000000020','Doctor10','zaza',NULL,100000,'F','00000000020');

INSERT INTO Store 
VALUES ('0001',10,1000),('0002',20,200),('0003',30,300),('0004',40,400),('0005',50,500),('0006',60,600),('0007',70,700),('0008',80,800),('0009',90,900),('0010',100,1000);

INSERT INTO Nurse
VALUES  ('000001','0000000000021','Nurse1','zaza',NULL,10000,'M','0000000021') ,
		('000002','0000000000022','Nurse2','zaza',NULL,20000,'M','0000000022') ,
		('000003','0000000000023','Nurse3','zaza',NULL,30000,'M','0000000023') ,
		('000004','0000000000024','Nurse4','zaza',NULL,40000,'M','0000000024') ,
		('000005','0000000000025','Nurse5','zaza',NULL,50000,'M','0000000025') ,
		('000006','0000000000026','Nurse6','zaza',NULL,60000,'F','0000000026') ,
		('000007','0000000000027','Nurse7','zaza',NULL,70000,'F','0000000027') ,
		('000008','0000000000028','Nurse8','zaza',NULL,80000,'F','0000000028') ,
		('000009','0000000000029','Nurse9','zaza',NULL,90000,'F','0000000029') ,
		('000010','0000000000030','Nurse10','zaza',NULL,100000,'F','00000000030');

INSERT INTO Nurse_Qualification
VALUES ('000001','พยาบาลวิชาชีพปฏิบัติการ'),('000002','พยาบาลวิชาชีพชำนาญการ'),('000003','พยาบาลวิชาชีพชำนาญการพิเศษ'),('000004','พยาบาลวิชาชีพเชี่ยวชาญ'),('000005','พยาบาลวิชาชีพทรงคุณวุฒิ'),
	   ('000006','พยาบาลวิชาชีพชำนาญการ'),('000007','พยาบาลวิชาชีพชำนาญการพิเศษ'),('000008','พยาบาลวิชาชีพทรงคุณวุฒิ'),('000009','พยาบาลวิชาชีพชำนาญการ'),('000010','พยาบาลวิชาชีพชำนาญการ');

INSERT INTO Pharmacist
VALUES  ('000001','0000000000031','Pharmacist1','zaza',NULL,10000,'M','0000000031') ,
		('000002','0000000000032','Pharmacist2','zaza',NULL,20000,'M','0000000032') ,
		('000003','0000000000033','Pharmacist3','zaza',NULL,30000,'M','0000000033') ,
		('000004','0000000000034','Pharmacist4','zaza',NULL,40000,'M','0000000034') ,
		('000005','0000000000035','Pharmacist5','zaza',NULL,50000,'M','0000000035') ,
		('000006','0000000000036','Pharmacist6','zaza',NULL,60000,'M','0000000036') ,
		('000007','0000000000037','Pharmacist7','zaza',NULL,70000,'M','0000000037') ,
		('000008','0000000000038','Pharmacist8','zaza',NULL,80000,'M','0000000038') ,
		('000009','0000000000039','Pharmacist9','zaza',NULL,90000,'M','0000000039') ,
		('000010','0000000000040','Pharmacist10','zaza',NULL,100000,'M','0000000040');

INSERT INTO Pharmacist_Qualification
VALUES ('000001','เภสัชกรวิชาชีพชำนาญการ'),('000002','เภสัชกรวิชาชีพชำนาญการพิเศษ'),('000003','เภสัชกรวิชาชีพปฏิบัติการ'),('000004','เภสัชกรวิชาชีพชำนาญการ'),('000005','เภสัชกรวิชาชีพชำนาญการ'),
	   ('000006','เภสัชกรวิชาชีพชำนาญการ'),('000007','เภสัชกรวิชาชีพชำนาญการพิเศษ'),('000008','เภสัชกรวิชาชีพปฏิบัติการ'),('000009','เภสัชกรวิชาชีพชำนาญการ'),('000010','เภสัชกรวิชาชีพชำนาญการ');

INSERT INTO Drug
VALUES ('0001','ยาฆ่าเชื้อ','Powerpuff Girls','2020-12-31','ยาไว้ใช้ฆ่าปีศาจ','2010-12-31',3),
	   ('0002',NULL,'Mojojojo','2020-12-31',NULL,'2010-12-31',3);

INSERT INTO Equipment
VALUES ('0003',NULL,NULL,NULL),('0004',NULL,NULL,NULL);

INSERT INTO Appointment
VALUES ('000001','000001','2019-12-12','9:30',NULL),('000001','000002','2019-12-12','13:30',NULL);

INSERT INTO Bill
VALUES ('000001','0000001','2019-12-12','10:30'),
	   ('000001','0000002','2019-12-12','14:30');






